sku,base_image,small_image,thumbnail_image,name
Super Skinny Four Button Suit Black L,p1.jpg,p1.jpg,p1.jpg,Super Skinny Four Button Suit Black L
Super Skinny Suit Jacket Blackjpg M,p2.jpg,p2.jpg,p2.jpg,Super Skinny Suit Jacket Blackjpg M
Super Skinny Suit Jacket Blackjpg S,p3.jpg,p3.jpg,p3.jpg,Super Skinny Suit Jacket Blackjpg S
Super Skinny Suit Jacket Blackjpg XL,p4.jpg,p4.jpg,p4.jpg,Super Skinny Suit Jacket Blackjpg XL
Super Skinny Suit Jacket Blackjpg XXL,p5.jpg,p5.jpg,p5.jpg,Super Skinny Suit Jacket Blackjpg XXL
Super Skinny Suit Jacket Brown L,p6.jpg,p6.jpg,p6.jpg,Super Skinny Suit Jacket Brown L
Super Skinny Suit Jacket Brown M,p1.jpg,p1.jpg,p1.jpg,Super Skinny Suit Jacket Brown M
Super Skinny Suit Jacket Brown S,p2.jpg,p2.jpg,p2.jpg,Super Skinny Suit Jacket Brown S
Super Skinny Suit Jacket Brown XL,p3.jpg,p3.jpg,p3.jpg,Super Skinny Suit Jacket Brown XL
Super Skinny Suit Jacket Blackjpg L,p4.jpg,p4.jpg,p4.jpg,Super Skinny Suit Jacket Blackjpg L
Super Skinny Four Button Suit Grey XXL,p5.jpg,p5.jpg,p5.jpg,Super Skinny Four Button Suit Grey XXL
Super Skinny Four Button Suit Black M,p6.jpg,p6.jpg,p6.jpg,Super Skinny Four Button Suit Black M
Super Skinny Four Button Suit Black S,p1.jpg,p1.jpg,p1.jpg,Super Skinny Four Button Suit Black S
Super Skinny Four Button Suit Black XL,p2.jpg,p2.jpg,p2.jpg,Super Skinny Four Button Suit Black XL
Super Skinny Four Button Suit Black XXL,p3.jpg,p3.jpg,p3.jpg,Super Skinny Four Button Suit Black XXL
Super Skinny Four Button Suit Grey L,p4.jpg,p4.jpg,p4.jpg,Super Skinny Four Button Suit Grey L
Super Skinny Four Button Suit Grey M,p5.jpg,p5.jpg,p5.jpg,Super Skinny Four Button Suit Grey M
Super Skinny Four Button Suit Grey S,p6.jpg,p6.jpg,p6.jpg,Super Skinny Four Button Suit Grey S
Super Skinny Four Button Suit Grey XL,p1.jpg,p1.jpg,p1.jpg,Super Skinny Four Button Suit Grey XL
Super Skinny Suit Jacket Brown XXL,p2.jpg,p2.jpg,p2.jpg,Super Skinny Suit Jacket Brown XXL
Super Skinny Suit Jacket Deep Blue L,p3.jpg,p3.jpg,p3.jpg,Super Skinny Suit Jacket Deep Blue L
Super Skinny Suit Jacket Deep Blue M,p4.jpg,p4.jpg,p4.jpg,Super Skinny Suit Jacket Deep Blue M
watch,p5.jpg,p5.jpg,p5.jpg,watch
watch,p6.jpg,p6.jpg,p6.jpg,watch
watch-1,p1.jpg,p1.jpg,p1.jpg,watch-1
watch-1,p2.jpg,p2.jpg,p2.jpg,watch-1
Cell-phone,p3.jpg,p3.jpg,p3.jpg,Cell-phone
Cell-phone,p4.jpg,p4.jpg,p4.jpg,Cell-phone
test5,p5.jpg,p5.jpg,p5.jpg,test5
Dec30test,p6.jpg,p6.jpg,p6.jpg,Dec30test
dec30test2,p1.jpg,p1.jpg,p1.jpg,dec30test2
dec30test7,p2.jpg,p2.jpg,p2.jpg,dec30test7
dec30test9,p3.jpg,p3.jpg,p3.jpg,dec30test9
Product 10-1,p4.jpg,p4.jpg,p4.jpg,Product 10-1
product 12-1-1-1,p5.jpg,p5.jpg,p5.jpg,product 12-1-1-1
Super Skinny Suit Jacket Deep Blue S,p6.jpg,p6.jpg,p6.jpg,Super Skinny Suit Jacket Deep Blue S
Super Skinny Suit Jacket Deep Blue XL,p1.jpg,p1.jpg,p1.jpg,Super Skinny Suit Jacket Deep Blue XL
Super Skinny Suit Jacket Deep Blue XXL,p2.jpg,p2.jpg,p2.jpg,Super Skinny Suit Jacket Deep Blue XXL
Product 10,p3.jpg,p3.jpg,p3.jpg,Product 10
product 11,p4.jpg,p4.jpg,p4.jpg,product 11
product 12,p5.jpg,p5.jpg,p5.jpg,product 12
product 12-1,p6.jpg,p6.jpg,p6.jpg,product 12-1
product 12-1-1,p1.jpg,p1.jpg,p1.jpg,product 12-1-1
dec30test11,p2.jpg,p2.jpg,p2.jpg,dec30test11
Skinny Suit Jacket Burgundy XXL,p3.jpg,p3.jpg,p3.jpg,Skinny Suit Jacket Burgundy XXL
Jack & Jones Bow Tie Knitted,p4.jpg,p4.jpg,p4.jpg,Jack & Jones Bow Tie Knitted
watch-2,p5.jpg,p5.jpg,p5.jpg,watch-2
watch-2,p6.jpg,p6.jpg,p6.jpg,watch-2
boot,p1.jpg,p1.jpg,p1.jpg,boot
boot,p2.jpg,p2.jpg,p2.jpg,boot
shoe,p3.jpg,p3.jpg,p3.jpg,shoe
shoe,p4.jpg,p4.jpg,p4.jpg,shoe
Skinny Fit Shirt In Camel With Long Sleeves,p5.jpg,p5.jpg,p5.jpg,Skinny Fit Shirt In Camel With Long Sleeves
Reiss Slim Smart Shirt With Classic Collar,p6.jpg,p6.jpg,p6.jpg,Reiss Slim Smart Shirt With Classic Collar
Polo Ralph Lauren Smart Poplin Shirt In Slim Fit Pink,p1.jpg,p1.jpg,p1.jpg,Polo Ralph Lauren Smart Poplin Shirt In Slim Fit Pink
New Look Charcoal Shirt With Floral Print In Regular Print,p2.jpg,p2.jpg,p2.jpg,New Look Charcoal Shirt With Floral Print In Regular Print
Military Shirt In Black Viscose In Regular Fit,p3.jpg,p3.jpg,p3.jpg,Military Shirt In Black Viscose In Regular Fit
knife-2,p4.jpg,p4.jpg,p4.jpg,knife-2
knife-2,p5.jpg,p5.jpg,p5.jpg,knife-2
Heart & Dagger Skinny Grandad Shirt In Chambray,p6.jpg,p6.jpg,p6.jpg,Heart & Dagger Skinny Grandad Shirt In Chambray
Heart & Dagger Skinny Grandad Shirt In Chambray,p1.jpg,p1.jpg,p1.jpg,Heart & Dagger Skinny Grandad Shirt In Chambray
Farah Oxford Shirt In Slim Fit Light Grey,p2.jpg,p2.jpg,p2.jpg,Farah Oxford Shirt In Slim Fit Light Grey
Farah Oxford Shirt In Slim Fit Light Grey,p3.jpg,p3.jpg,p3.jpg,Farah Oxford Shirt In Slim Fit Light Grey
Esprit Stretch Fit Shirt,p4.jpg,p4.jpg,p4.jpg,Esprit Stretch Fit Shirt
Esprit Stretch Fit Shirt,p5.jpg,p5.jpg,p5.jpg,Esprit Stretch Fit Shirt
Noose & Monkey Melton Bow Tie Made in Italy,p6.jpg,p6.jpg,p6.jpg,Noose & Monkey Melton Bow Tie Made in Italy
Noose & Monkey Bow Tie,p1.jpg,p1.jpg,p1.jpg,Noose & Monkey Bow Tie
Noose & Monkey Bow Tie Wool,p2.jpg,p2.jpg,p2.jpg,Noose & Monkey Bow Tie Wool
Noose & Monkey Bow Tie Wool Grey,p3.jpg,p3.jpg,p3.jpg,Noose & Monkey Bow Tie Wool Grey
Noose & Monkey Bow Tie with Metal Tipping,p4.jpg,p4.jpg,p4.jpg,Noose & Monkey Bow Tie with Metal Tipping
ear-phone,p5.jpg,p5.jpg,p5.jpg,ear-phone
ear-phone,p6.jpg,p6.jpg,p6.jpg,ear-phone
Skinny Suit Jacket Burgundy XL,p1.jpg,p1.jpg,p1.jpg,Skinny Suit Jacket Burgundy XL
Noose & Monkey Bow Tie Deep Blue XL,p2.jpg,p2.jpg,p2.jpg,Noose & Monkey Bow Tie Deep Blue XL
Noose & Monkey Bow Tie Deep Blue XXL,p3.jpg,p3.jpg,p3.jpg,Noose & Monkey Bow Tie Deep Blue XXL
Skinny Suit Jacket Blue L,p4.jpg,p4.jpg,p4.jpg,Skinny Suit Jacket Blue L
Skinny Suit Jacket Blue M,p5.jpg,p5.jpg,p5.jpg,Skinny Suit Jacket Blue M
Skinny Suit Jacket Blue S,p6.jpg,p6.jpg,p6.jpg,Skinny Suit Jacket Blue S
Skinny Suit Jacket Blue XL,p1.jpg,p1.jpg,p1.jpg,Skinny Suit Jacket Blue XL
Skinny Suit Jacket Blue XXL,p2.jpg,p2.jpg,p2.jpg,Skinny Suit Jacket Blue XXL
Skinny Suit Jacket Burgundy L,p3.jpg,p3.jpg,p3.jpg,Skinny Suit Jacket Burgundy L
Skinny Suit Jacket Burgundy M,p4.jpg,p4.jpg,p4.jpg,Skinny Suit Jacket Burgundy M
Skinny Suit Jacket Burgundy S,p5.jpg,p5.jpg,p5.jpg,Skinny Suit Jacket Burgundy S
Noose & Monkey Bow Tie Deep Blue S,p6.jpg,p6.jpg,p6.jpg,Noose & Monkey Bow Tie Deep Blue S
Noose & Monkey Bow Tie Deep Blue M,p1.jpg,p1.jpg,p1.jpg,Noose & Monkey Bow Tie Deep Blue M
Noose & Monkey Bow Tie Deep Blue L,p2.jpg,p2.jpg,p2.jpg,Noose & Monkey Bow Tie Deep Blue L
Noose & Monkey Bow Tie Blue L,p3.jpg,p3.jpg,p3.jpg,Noose & Monkey Bow Tie Blue L
Noose & Monkey Bow Tie Blue M,p4.jpg,p4.jpg,p4.jpg,Noose & Monkey Bow Tie Blue M
Noose & Monkey Bow Tie Blue S,p5.jpg,p5.jpg,p5.jpg,Noose & Monkey Bow Tie Blue S
Noose & Monkey Bow Tie Blue XL,p6.jpg,p6.jpg,p6.jpg,Noose & Monkey Bow Tie Blue XL
Noose & Monkey Bow Tie Blue XXL,p1.jpg,p1.jpg,p1.jpg,Noose & Monkey Bow Tie Blue XXL
Noose_&_Monkey_Bow_Tie,p2.jpg,p2.jpg,p2.jpg,Noose_&_Monkey_Bow_Tie
Skinny Suit Jacket,p3.jpg,p3.jpg,p3.jpg,Skinny Suit Jacket
Super Skinny Four Button Suit,p4.jpg,p4.jpg,p4.jpg,Super Skinny Four Button Suit
Super Skinny Suit Jacket,p5.jpg,p5.jpg,p5.jpg,Super Skinny Suit Jacket
Heart & Dagger Slim Shirt In Check With Cut Away Collar,p6.jpg,p6.jpg,p6.jpg,Heart & Dagger Slim Shirt In Check With Cut Away Collar
Heart & Dagger Slim Shirt In Check With Cut Away Collar,p1.jpg,p1.jpg,p1.jpg,Heart & Dagger Slim Shirt In Check With Cut Away Collar
Knitted Bow Tie In Burgundy Marl,p2.jpg,p2.jpg,p2.jpg,Knitted Bow Tie In Burgundy Marl
shoe-1,p1.jpg,p1.jpg,p1.jpg,shoe-1
